,batter,batsman_run,Category,Double_Runs,Contributed Runs,Ranks of Batsman,Performance Group,Length of Player name,corr btw LoPN and Runs,Modified Runs
569,V Kohli,6634,High,13268,2.3610305396488704,1.0,Platinum,7,-0.09476268319619681,6634
462,S Dhawan,6244,High,12488,2.2222301310774113,2.0,Platinum,8,-0.09476268319619681,6244
130,DA Warner,5883,High,11766,2.0937507785279323,3.0,Platinum,9,-0.09476268319619681,5883
430,RG Sharma,5881,High,11762,2.0930389815608996,4.0,Platinum,9,-0.09476268319619681,5881
493,SK Raina,5536,High,11072,1.9702540047476857,5.0,Platinum,8,-0.09476268319619681,5536
27,AB de Villiers,5181,High,10362,1.8439100430993065,6.0,Platinum,14,-0.09476268319619681,5181
108,CH Gayle,4997,High,9994,1.7784247221322589,7.0,Platinum,8,-0.09476268319619681,4997
339,MS Dhoni,4978,High,9956,1.7716626509454443,8.0,Platinum,8,-0.09476268319619681,4978
452,RV Uthappa,4954,High,9908,1.7631210873410468,9.0,Platinum,10,-0.09476268319619681,4954
256,KD Karthik,4377,High,8754,1.5577676623519907,10.0,Platinum,10,-0.09476268319619681,4377
174,G Gambhir,4217,High,8434,1.5008239049893408,11.0,Platinum,9,-0.09476268319619681,4217
60,AT Rayudu,4190,High,8380,1.4912146459343938,12.0,Platinum,9,-0.09476268319619681,4190
46,AM Rahane,4074,High,8148,1.4499304218464726,13.0,Platinum,9,-0.09476268319619681,4074
263,KL Rahul,3895,High,7790,1.386224593297008,14.0,Platinum,8,-0.09476268319619681,3895
511,SR Watson,3880,High,7760,1.3808861160442596,15.0,Platinum,9,-0.09476268319619681,3880
328,MK Pandey,3657,High,7314,1.3015207542200662,16.0,Platinum,9,-0.09476268319619681,3657
519,SV Samson,3526,High,7052,1.2548980528793967,17.0,Platinum,9,-0.09476268319619681,3526
251,KA Pollard,3437,High,6874,1.2232230878464228,18.0,Platinum,10,-0.09476268319619681,3437
169,F du Plessis,3403,High,6806,1.2111225394068594,19.0,Platinum,12,-0.09476268319619681,3403
597,YK Pathan,3222,High,6444,1.146704913890362,20.0,Platinum,9,-0.09476268319619681,3222
88,BB McCullum,2882,High,5764,1.025699429494731,21.0,Platinum,11,-0.09476268319619681,2882
441,RR Pant,2851,High,5702,1.0146665765057175,22.0,Platinum,7,-0.09476268319619681,2851
384,PA Patel,2848,High,5696,1.0135988810551677,23.0,Platinum,8,-0.09476268319619681,2848
219,JC Buttler,2832,High,5664,1.0079045053189029,24.0,Platinum,10,-0.09476268319619681,2832
513,SS Iyer,2780,High,5560,0.9893977841760416,25.0,Platinum,7,-0.09476268319619681,2780
404,Q de Kock,2767,High,5534,0.9847711038903263,26.0,Platinum,9,-0.09476268319619681,2767
603,Yuvraj Singh,2754,High,5508,0.9801444236046111,27.0,Platinum,12,-0.09476268319619681,2754
571,V Sehwag,2728,High,5456,0.9708910630331804,28.0,Platinum,8,-0.09476268319619681,2728
480,SA Yadav,2644,High,5288,0.9409955904177891,29.0,Platinum,8,-0.09476268319619681,2644
308,M Vijay,2619,High,5238,0.9320981283298752,30.0,Platinum,7,-0.09476268319619681,2619
423,RA Jadeja,2502,High,5004,0.8904580057584375,31.0,Platinum,9,-0.09476268319619681,2502
509,SPD Smith,2495,High,4990,0.8879667163738215,32.0,Platinum,9,-0.09476268319619681,2495
490,SE Marsh,2489,High,4978,0.8858313254727221,33.0,Platinum,8,-0.09476268319619681,2489
129,DA Miller,2455,High,4910,0.873730777033159,34.0,Platinum,9,-0.09476268319619681,2455
226,JH Kallis,2427,High,4854,0.8637656194946953,35.0,Platinum,9,-0.09476268319619681,2427
587,WP Saha,2427,High,4854,0.8637656194946953,35.0,Platinum,7,-0.09476268319619681,2427
159,DR Smith,2385,High,4770,0.8488178831869997,37.0,Platinum,8,-0.09476268319619681,2385
311,MA Agarwal,2335,High,4670,0.8310229590111717,38.0,Platinum,10,-0.09476268319619681,2335
510,SR Tendulkar,2334,High,4668,0.8306670605276552,39.0,Platinum,12,-0.09476268319619681,2334
183,GJ Maxwell,2320,High,4640,0.8256844817584232,40.0,Platinum,10,-0.09476268319619681,2320
358,N Rana,2181,High,4362,0.7762145925496211,41.0,Platinum,6,-0.09476268319619681,2181
409,R Dravid,2174,High,4348,0.7737233031650051,42.0,Platinum,8,-0.09476268319619681,2174
272,KS Williamson,2105,High,4210,0.7491663078023625,43.0,Platinum,13,-0.09476268319619681,2105
40,AJ Finch,2092,High,4184,0.7445396275166472,44.0,Platinum,8,-0.09476268319619681,2092
29,AC Gilchrist,2069,High,4138,0.7363539623957662,45.0,Platinum,12,-0.09476268319619681,2069
36,AD Russell,2039,High,4078,0.7256770078902693,46.0,Platinum,10,-0.09476268319619681,2039
236,JP Duminy,2029,High,4058,0.7221180230551038,47.0,Platinum,9,-0.09476268319619681,2029
319,MEK Hussey,1977,High,3954,0.7036113019122425,48.0,Platinum,10,-0.09476268319619681,1977
191,HH Pandya,1972,High,3944,0.7018318094946597,49.0,Platinum,9,-0.09476268319619681,1972
534,Shubman Gill,1900,High,3800,0.6762071186814673,50.0,Platinum,12,-0.09476268319619681,1900
209,Ishan Kishan,1870,High,3740,0.6655301641759704,51.0,Platinum,12,-0.09476268319619681,1870
155,DPMD Jayawardene,1808,High,3616,0.6434644581979436,52.0,Platinum,16,-0.09476268319619681,1808
424,RA Tripathi,1798,High,3596,0.639905473362778,53.0,Platinum,11,-0.09476268319619681,1798
329,MK Tiwary,1695,High,3390,0.6032479295605722,54.0,Platinum,9,-0.09476268319619681,1695
343,Mandeep Singh,1692,High,3384,0.6021802341100224,55.0,Platinum,13,-0.09476268319619681,1692
255,KC Sangakkara,1687,High,3374,0.6004007416924396,56.0,Platinum,13,-0.09476268319619681,1687
396,PP Shaw,1588,High,3176,0.5651667918243001,57.0,Platinum,7,-0.09476268319619681,1588
136,DJ Bravo,1560,High,3120,0.5552016342858364,58.0,Platinum,8,-0.09476268319619681,1560
369,NV Ojha,1554,High,3108,0.5530662433847369,59.0,Platinum,7,-0.09476268319619681,1554
261,KK Nair,1496,High,2992,0.5324241313407764,60.0,Platinum,7,-0.09476268319619681,1496
516,SS Tiwary,1494,High,2988,0.5317123343737432,61.0,Platinum,9,-0.09476268319619681,1494
460,S Badrinath,1441,High,2882,0.5128497147473655,62.0,Platinum,11,-0.09476268319619681,1441
166,EJG Morgan,1406,High,2812,0.5003932678242857,63.0,Platinum,10,-0.09476268319619681,1406
94,BJ Hodge,1400,High,2800,0.49825787692318646,64.0,Platinum,8,-0.09476268319619681,1400
486,SC Ganguly,1349,High,2698,0.4801070542638418,65.0,Platinum,10,-0.09476268319619681,1349
106,CA Lynn,1329,High,2658,0.4729890845935105,66.0,Platinum,7,-0.09476268319619681,1329
257,KH Pandya,1326,High,2652,0.4719213891429609,67.0,Platinum,9,-0.09476268319619681,1326
139,DJ Hussey,1322,High,2644,0.47049779520889456,68.0,Platinum,9,-0.09476268319619681,1322
232,JM Bairstow,1291,High,2582,0.45946494221988116,69.0,Platinum,11,-0.09476268319619681,1291
124,D Padikkal,1260,High,2520,0.44843208923086775,70.0,Platinum,10,-0.09476268319619681,1260
138,DJ Hooda,1237,High,2474,0.4402464241099868,71.0,Platinum,8,-0.09476268319619681,1237
426,RD Gaikwad,1207,High,2414,0.42956946960449,72.0,Platinum,10,-0.09476268319619681,1207
264,KM Jadhav,1196,High,2392,0.4256545862858078,73.0,Platinum,9,-0.09476268319619681,1196
555,TM Dilshan,1153,High,2306,0.41035095149459566,74.0,Platinum,10,-0.09476268319619681,1153
204,IK Pathan,1150,High,2300,0.409283256044046,75.0,Platinum,9,-0.09476268319619681,1150
53,AR Patel,1135,High,2270,0.4039447787912976,76.0,Platinum,8,-0.09476268319619681,1135
330,ML Hayden,1107,High,2214,0.39397962125283387,77.0,Platinum,9,-0.09476268319619681,1107
288,LMP Simmons,1079,High,2158,0.38401446371437015,78.0,Platinum,11,-0.09476268319619681,1079
309,M Vohra,1073,High,2146,0.38187907281327077,79.0,Platinum,7,-0.09476268319619681,1073
336,MP Stoinis,1070,High,2140,0.3808113773627211,80.0,Platinum,10,-0.09476268319619681,1070
508,SP Narine,1025,High,2050,0.36479594560447576,81.0,Platinum,9,-0.09476268319619681,1025
291,LRPL Taylor,1017,High,2034,0.3619487577363433,82.0,Platinum,11,-0.09476268319619681,1017
268,KP Pietersen,1001,High,2002,0.3562543820000783,83.0,Platinum,12,-0.09476268319619681,1001
315,MC Henriques,1000,High,2000,0.3558984835165617,84.0,Platinum,12,-0.09476268319619681,1000
594,Y Venugopal Rao,985,High,1970,0.35056000626381334,85.0,Platinum,15,-0.09476268319619681,985
216,JA Morkel,975,High,1950,0.3470010214286477,86.0,Platinum,9,-0.09476268319619681,975
15,A Symonds,974,High,1948,0.34664512294513117,87.0,Platinum,9,-0.09476268319619681,974
116,CL White,971,High,1942,0.3455774274945814,88.0,Platinum,8,-0.09476268319619681,971
86,BA Stokes,920,High,1840,0.32742660483523683,89.0,Platinum,9,-0.09476268319619681,920
357,N Pooran,912,High,1824,0.3245794169671043,90.0,Platinum,8,-0.09476268319619681,912
331,MM Ali,910,High,1820,0.3238676200000712,91.0,Platinum,6,-0.09476268319619681,910
190,HH Gibbs,886,High,1772,0.3153260563956737,92.0,Platinum,8,-0.09476268319619681,886
518,STR Binny,880,High,1760,0.3131906654945743,93.0,Platinum,9,-0.09476268319619681,880
195,Harbhajan Singh,833,High,1666,0.29646343676929593,94.0,Platinum,15,-0.09476268319619681,833
504,SO Hetmyer,831,High,1662,0.2957516398022628,95.0,Platinum,10,-0.09476268319619681,831
338,MS Bisla,798,High,1596,0.28400698984621625,96.0,Platinum,8,-0.09476268319619681,798
527,Shakib Al Hasan,795,High,1590,0.28293929439566656,97.0,Platinum,15,-0.09476268319619681,795
517,ST Jayasuriya,768,High,1536,0.2733300353407194,98.0,Platinum,13,-0.09476268319619681,768
176,GC Smith,739,High,1478,0.2630089793187391,99.0,Platinum,8,-0.09476268319619681,739
420,R Tewatia,738,High,1476,0.26265308083522254,100.0,Platinum,9,-0.09476268319619681,738
572,V Shankar,731,High,1462,0.26016179145060664,101.0,Platinum,9,-0.09476268319619681,731
34,AD Mathews,724,High,1448,0.2576705020659907,102.0,Platinum,10,-0.09476268319619681,724
463,S Dube,688,High,1376,0.24485815665939445,103.0,Platinum,6,-0.09476268319619681,688
554,TL Suman,676,High,1352,0.24058737485719572,104.0,Platinum,8,-0.09476268319619681,676
45,AM Nayar,672,High,1344,0.23916378092312945,105.0,Platinum,8,-0.09476268319619681,672
64,Abhishek Sharma,667,High,1334,0.2373842885055467,106.0,Platinum,15,-0.09476268319619681,667
182,GJ Bailey,663,High,1326,0.23596069457148044,107.0,Platinum,9,-0.09476268319619681,663
165,E Lewis,654,High,1308,0.23275760821983138,108.0,Platinum,7,-0.09476268319619681,654
405,R Ashwin,647,High,1294,0.23026631883521545,109.0,Platinum,8,-0.09476268319619681,647
109,CH Morris,618,High,1236,0.21994526281323515,110.0,Platinum,9,-0.09476268319619681,618
220,JD Ryder,604,High,1208,0.21496268404400332,111.0,Platinum,8,-0.09476268319619681,604
394,PP Chawla,584,High,1168,0.20784471437367205,112.0,Platinum,9,-0.09476268319619681,584
192,HM Amla,577,High,1154,0.2053534249890561,113.0,Platinum,7,-0.09476268319619681,577
576,VR Iyer,552,High,1104,0.1964559629011421,114.0,Platinum,7,-0.09476268319619681,552
292,LS Livingstone,549,High,1098,0.1953882674505924,115.0,Platinum,14,-0.09476268319619681,549
596,YBK Jaiswal,547,High,1094,0.1946764704835593,116.0,Platinum,11,-0.09476268319619681,547
110,CJ Anderson,538,High,1076,0.1914733841319102,117.0,Platinum,11,-0.09476268319619681,538
502,SN Khan,532,High,1064,0.18933799323081085,118.0,Platinum,7,-0.09476268319619681,532
446,RS Bopara,531,High,1062,0.18898209474729427,119.0,Platinum,9,-0.09476268319619681,531
43,AK Markram,527,High,1054,0.18755850081322803,120.0,Platinum,10,-0.09476268319619681,527
237,JP Faulkner,527,High,1054,0.18755850081322803,120.0,Platinum,11,-0.09476268319619681,527
412,R Parag,522,High,1044,0.18577900839564523,122.0,Platinum,7,-0.09476268319619681,522
299,M Manhas,514,High,1028,0.18293182052751272,123.0,Platinum,8,-0.09476268319619681,514
185,Gurkeerat Singh,511,High,1022,0.18186412507696306,124.0,Platinum,15,-0.09476268319619681,511
371,OA Shah,506,High,1012,0.18008463265938024,125.0,Platinum,7,-0.09476268319619681,506
387,PC Valthaty,505,High,1010,0.17972873417586369,126.0,Platinum,11,-0.09476268319619681,505
520,SW Billings,503,High,1006,0.17901693720883055,127.0,Platinum,11,-0.09476268319619681,503
337,MR Marsh,476,Medium,952,0.16940767815388338,128.0,Platinum,8,-0.09476268319619681,476
162,DT Christian,460,Medium,920,0.16371330241761842,129.0,Platinum,12,-0.09476268319619681,460
365,NLTC Perera,424,Medium,848,0.15090095701102219,130.0,Platinum,11,-0.09476268319619681,424
479,SA Asnodkar,423,Medium,846,0.1505450585275056,131.0,Platinum,11,-0.09476268319619681,423
240,JR Hopes,417,Medium,834,0.14840966762640623,132.0,Platinum,8,-0.09476268319619681,417
211,J Botha,409,Medium,818,0.14556247975827374,133.0,Platinum,7,-0.09476268319619681,409
290,LR Shukla,405,Medium,810,0.1441388858242075,134.0,Platinum,9,-0.09476268319619681,405
436,RM Patidar,404,Medium,808,0.14378298734069095,135.0,Platinum,10,-0.09476268319619681,404
44,AL Menaria,401,Medium,802,0.14271529189014126,136.0,Platinum,10,-0.09476268319619681,401
561,Tilak Varma,397,Medium,794,0.14129169795607502,137.0,Platinum,11,-0.09476268319619681,397
342,MV Boucher,394,Medium,788,0.1402240025055253,138.0,Platinum,10,-0.09476268319619681,394
107,CA Pujara,390,Medium,780,0.1388004085714591,139.0,Platinum,9,-0.09476268319619681,390
75,Azhar Mahmood,388,Medium,776,0.13808861160442595,140.0,Platinum,13,-0.09476268319619681,388
389,PJ Cummins,379,Medium,758,0.13488552525277692,141.0,Platinum,10,-0.09476268319619681,379
133,DB Ravi Teja,375,Medium,750,0.13346193131871065,142.0,Platinum,12,-0.09476268319619681,375
473,S Sohal,368,Medium,736,0.13097064193409472,143.0,Platinum,7,-0.09476268319619681,368
379,P Negi,365,Medium,730,0.12990294648354503,144.0,Platinum,6,-0.09476268319619681,365
9,A Mishra,362,Medium,724,0.12883525103299534,145.0,Platinum,8,-0.09476268319619681,362
406,R Bhatia,342,Medium,684,0.12171728136266412,146.0,Platinum,8,-0.09476268319619681,342
378,P Kumar,340,Medium,680,0.121005484395631,147.0,Platinum,7,-0.09476268319619681,340
51,AP Tare,339,Medium,678,0.12064958591211444,148.0,Platinum,7,-0.09476268319619681,339
497,SM Curran,337,Medium,674,0.11993778894508131,149.0,Platinum,9,-0.09476268319619681,337
228,JJ Roy,329,Medium,658,0.11709060107694881,150.0,Platinum,6,-0.09476268319619681,329
225,JEC Franklin,327,Medium,654,0.11637880410991569,151.0,Platinum,12,-0.09476268319619681,327
437,RN ten Doeschate,326,Medium,652,0.11602290562639914,152.0,Gold,16,-0.09476268319619681,326
589,Washington Sundar,318,Medium,636,0.11317571775826664,153.0,Gold,17,-0.09476268319619681,318
273,KV Sharma,317,Medium,634,0.11281981927475007,154.0,Gold,9,-0.09476268319619681,317
454,Rashid Khan,313,Medium,626,0.11139622534068383,155.0,Gold,11,-0.09476268319619681,313
421,R Vinay Kumar,310,Medium,620,0.11032852989013414,156.0,Gold,13,-0.09476268319619681,310
132,DB Das,304,Medium,608,0.10819313898903477,157.0,Gold,6,-0.09476268319619681,304
104,C de Grandhomme,303,Medium,606,0.10783724050551821,158.0,Gold,15,-0.09476268319619681,303
284,LA Pomersbach,302,Medium,604,0.10748134202200166,159.0,Gold,13,-0.09476268319619681,302
564,UBT Chand,300,Medium,600,0.10676954505496852,160.0,Gold,9,-0.09476268319619681,300
146,DJG Sammy,295,Medium,590,0.10499005263738571,161.0,Gold,9,-0.09476268319619681,295
506,SP Goswami,293,Medium,586,0.10427825567035258,162.0,Gold,10,-0.09476268319619681,293
592,Y Nagar,285,Medium,570,0.1014310678022201,163.0,Gold,7,-0.09476268319619681,285
180,GH Vihari,284,Medium,568,0.10107516931870354,164.0,Gold,9,-0.09476268319619681,284
580,VVS Laxman,282,Medium,564,0.10036337235167041,165.0,Gold,10,-0.09476268319619681,282
0,A Ashish Reddy,280,Medium,560,0.09965157538463729,166.0,Gold,14,-0.09476268319619681,280
77,B Chipli,280,Medium,560,0.09965157538463729,166.0,Gold,8,-0.09476268319619681,280
525,Shahbaz Ahmed,279,Medium,558,0.09929567690112073,168.0,Gold,13,-0.09476268319619681,279
324,MJ Lumb,278,Medium,556,0.09893977841760415,169.0,Gold,7,-0.09476268319619681,278
323,MJ Guptill,271,Medium,542,0.09644848903298824,170.0,Gold,10,-0.09476268319619681,271
306,M Shahrukh Khan,270,Medium,540,0.09609259054947167,171.0,Gold,15,-0.09476268319619681,270
416,R Sathish,270,Medium,540,0.09609259054947167,171.0,Gold,9,-0.09476268319619681,270
327,MK Lomror,267,Medium,534,0.095024895098922,173.0,Gold,9,-0.09476268319619681,267
296,M Kaif,259,Medium,518,0.0921777072307895,174.0,Gold,6,-0.09476268319619681,259
152,DP Conway,252,Medium,504,0.08968641784617355,175.0,Gold,9,-0.09476268319619681,252
391,PK Garg,251,Medium,502,0.08933051936265698,176.0,Gold,7,-0.09476268319619681,251
435,RK Singh,251,Medium,502,0.08933051936265698,176.0,Gold,8,-0.09476268319619681,251
413,R Powell,250,Medium,500,0.08897462087914043,178.0,Gold,8,-0.09476268319619681,250
235,JO Holder,247,Medium,494,0.08790692542859074,179.0,Gold,9,-0.09476268319619681,247
79,B Kumar,241,Medium,482,0.08577153452749138,180.0,Gold,7,-0.09476268319619681,241
499,SM Katich,241,Medium,482,0.08577153452749138,180.0,Gold,9,-0.09476268319619681,241
91,BCJ Cutting,238,Medium,476,0.08470383907694169,182.0,Gold,11,-0.09476268319619681,238
317,MD Mishra,237,Medium,474,0.08434794059342514,183.0,Gold,9,-0.09476268319619681,237
234,JM Sharma,234,Medium,468,0.08328024514287545,184.0,Gold,9,-0.09476268319619681,234
194,HV Patel,230,Medium,460,0.08185665120880921,185.0,Gold,8,-0.09476268319619681,230
293,Lalit Yadav,229,Medium,458,0.08150075272529264,186.0,Gold,11,-0.09476268319619681,229
62,Abdul Samad,228,Medium,456,0.08114485424177607,187.0,Gold,11,-0.09476268319619681,228
244,K Goel,218,Medium,436,0.07758586940661046,188.0,Gold,6,-0.09476268319619681,218
21,AA Jhunjhunwala,217,Medium,434,0.0772299709230939,189.0,Gold,15,-0.09476268319619681,217
386,PBB Rajapaksa,206,Medium,412,0.07331508760441172,190.0,Gold,13,-0.09476268319619681,206
105,CA Ingram,205,Medium,410,0.07295918912089516,191.0,Gold,9,-0.09476268319619681,205
556,TM Head,205,Medium,410,0.07295918912089516,191.0,Gold,7,-0.09476268319619681,205
388,PD Collingwood,203,Medium,406,0.07224739215386203,193.0,Gold,14,-0.09476268319619681,203
270,KS Bharat,199,Medium,398,0.07082379821979579,194.0,Gold,9,-0.09476268319619681,199
495,SK Warne,198,Medium,396,0.07046789973627922,195.0,Gold,8,-0.09476268319619681,198
505,SP Fleming,196,Medium,392,0.0697561027692461,196.0,Gold,10,-0.09476268319619681,196
218,JC Archer,195,Medium,390,0.06940020428572954,197.0,Gold,9,-0.09476268319619681,195
56,AS Raut,194,Medium,388,0.06904430580221298,198.0,Gold,7,-0.09476268319619681,194
95,BJ Rohrer,193,Medium,386,0.06868840731869641,199.0,Gold,9,-0.09476268319619681,193
523,Salman Butt,193,Medium,386,0.06868840731869641,199.0,Gold,11,-0.09476268319619681,193
599,YV Takawale,192,Medium,384,0.06833250883517986,201.0,Gold,11,-0.09476268319619681,192
408,R Dhawan,190,Medium,380,0.06762071186814672,202.0,Gold,8,-0.09476268319619681,190
99,Bipul Sharma,187,Medium,374,0.06655301641759705,203.0,Gold,12,-0.09476268319619681,187
551,TH David,187,Medium,374,0.06655301641759705,203.0,Gold,8,-0.09476268319619681,187
245,K Gowtham,186,Medium,372,0.06619711793408048,205.0,Gold,9,-0.09476268319619681,186
247,K Rabada,186,Medium,372,0.06619711793408048,205.0,Gold,8,-0.09476268319619681,186
349,Mohammad Nabi,186,Medium,372,0.06619711793408048,205.0,Gold,13,-0.09476268319619681,186
172,FY Fazal,183,Medium,366,0.0651294224835308,208.0,Gold,8,-0.09476268319619681,183
31,AC Voges,181,Medium,362,0.06441762551649767,209.0,Gold,8,-0.09476268319619681,181
118,CR Brathwaite,181,Medium,362,0.06441762551649767,209.0,Gold,13,-0.09476268319619681,181
464,S Gopal,180,Medium,360,0.06406172703298112,211.0,Gold,7,-0.09476268319619681,180
23,AB Agarkar,179,Medium,358,0.06370582854946455,212.0,Gold,10,-0.09476268319619681,179
341,MS Wade,179,Medium,358,0.06370582854946455,212.0,Gold,7,-0.09476268319619681,179
101,C Munro,177,Medium,354,0.06299403158243143,214.0,Gold,7,-0.09476268319619681,177
320,MF Maharoof,177,Medium,354,0.06299403158243143,214.0,Gold,11,-0.09476268319619681,177
566,UT Yadav,177,Medium,354,0.06299403158243143,214.0,Gold,8,-0.09476268319619681,177
503,SN Thakur,173,Medium,346,0.06157043764836518,217.0,Gold,9,-0.09476268319619681,173
135,DH Yagnik,170,Medium,340,0.0605027421978155,218.0,Gold,9,-0.09476268319619681,170
117,CM Gautam,169,Medium,338,0.06014684371429893,219.0,Gold,9,-0.09476268319619681,169
164,DW Steyn,167,Medium,334,0.05943504674726581,220.0,Gold,8,-0.09476268319619681,167
321,MG Johnson,167,Medium,334,0.05943504674726581,220.0,Gold,10,-0.09476268319619681,167
335,MN van Wyk,167,Medium,334,0.05943504674726581,220.0,Gold,10,-0.09476268319619681,167
221,JD Unadkat,164,Medium,328,0.05836735129671612,223.0,Gold,10,-0.09476268319619681,164
385,PA Reddy,164,Medium,328,0.05836735129671612,223.0,Gold,8,-0.09476268319619681,164
1,A Badoni,161,Medium,322,0.05729965584616644,225.0,Gold,8,-0.09476268319619681,161
122,D Brevis,161,Medium,322,0.05729965584616644,225.0,Gold,8,-0.09476268319619681,161
334,MN Samuels,161,Medium,322,0.05729965584616644,225.0,Gold,10,-0.09476268319619681,161
410,R McLaren,159,Medium,318,0.05658785887913332,228.0,Gold,9,-0.09476268319619681,159
428,RE van der Merwe,159,Medium,318,0.05658785887913332,228.0,Gold,16,-0.09476268319619681,159
32,AD Hales,148,Medium,296,0.052672975560451134,230.0,Gold,8,-0.09476268319619681,148
500,SM Pollock,147,Medium,294,0.05231707707693458,231.0,Gold,10,-0.09476268319619681,147
82,B Sai Sudharsan,145,Medium,290,0.05160528010990145,232.0,Gold,15,-0.09476268319619681,145
477,S Vidyut,145,Medium,290,0.05160528010990145,232.0,Gold,8,-0.09476268319619681,145
522,Sachin Baby,144,Medium,288,0.051249381626384885,234.0,Gold,11,-0.09476268319619681,144
359,N Saini,140,Medium,280,0.04982578769231864,235.0,Gold,7,-0.09476268319619681,140
457,S Anirudha,136,Medium,272,0.048402193758252395,236.0,Gold,10,-0.09476268319619681,136
484,SB Styris,131,Medium,262,0.046622701340669585,237.0,Gold,9,-0.09476268319619681,131
584,W Jaffer,130,Medium,260,0.046266802857153025,238.0,Gold,8,-0.09476268319619681,130
71,Anuj Rawat,129,Medium,258,0.045910904373636464,239.0,Gold,10,-0.09476268319619681,129
275,Kamran Akmal,128,Medium,256,0.045555005890119904,240.0,Gold,12,-0.09476268319619681,128
127,D Wiese,127,Medium,254,0.045199107406603344,241.0,Gold,7,-0.09476268319619681,127
376,P Dogra,127,Medium,254,0.045199107406603344,241.0,Gold,7,-0.09476268319619681,127
552,TK Curran,127,Medium,254,0.045199107406603344,241.0,Gold,9,-0.09476268319619681,127
565,UT Khawaja,127,Medium,254,0.045199107406603344,241.0,Gold,10,-0.09476268319619681,127
301,M Morkel,126,Medium,252,0.044843208923086776,245.0,Gold,8,-0.09476268319619681,126
89,BB Samantray,125,Medium,250,0.044487310439570216,246.0,Gold,12,-0.09476268319619681,125
316,MC Juneja,125,Medium,250,0.044487310439570216,246.0,Gold,9,-0.09476268319619681,125
81,B Lee,124,Medium,248,0.044131411956053655,248.0,Gold,5,-0.09476268319619681,124
26,AB McDonald,123,Medium,246,0.043775513472537095,249.0,Gold,11,-0.09476268319619681,123
333,MM Sharma,122,Medium,244,0.043419614989020534,250.0,Gold,9,-0.09476268319619681,122
149,DL Vettori,121,Medium,242,0.043063716505503974,251.0,Gold,10,-0.09476268319619681,121
363,NK Patel,121,Medium,242,0.043063716505503974,251.0,Gold,8,-0.09476268319619681,121
28,AC Blizzard,120,Medium,240,0.042707818021987407,253.0,Gold,11,-0.09476268319619681,120
550,TG Southee,120,Medium,240,0.042707818021987407,253.0,Gold,10,-0.09476268319619681,120
345,Misbah-ul-Haq,117,Medium,234,0.041640122571437725,255.0,Gold,13,-0.09476268319619681,117
431,RJ Harris,117,Medium,234,0.041640122571437725,255.0,Gold,9,-0.09476268319619681,117
604,Z Khan,117,Medium,234,0.041640122571437725,255.0,Gold,6,-0.09476268319619681,117
260,KK Cooper,116,Medium,232,0.041284224087921165,258.0,Gold,9,-0.09476268319619681,116
147,DJM Short,115,Medium,230,0.040928325604404604,259.0,Gold,9,-0.09476268319619681,115
297,M Kartik,113,Medium,226,0.040216528637371476,260.0,Gold,8,-0.09476268319619681,113
137,DJ Harris,111,Medium,222,0.03950473167033835,261.0,Gold,9,-0.09476268319619681,111
8,A Manohar,108,Medium,216,0.03843703621978867,262.0,Gold,9,-0.09476268319619681,108
425,RD Chahar,108,Medium,216,0.03843703621978867,262.0,Gold,9,-0.09476268319619681,108
197,Harpreet Brar,106,Medium,212,0.037725239252755546,264.0,Gold,13,-0.09476268319619681,106
222,JDP Oram,106,Medium,212,0.037725239252755546,264.0,Gold,8,-0.09476268319619681,106
287,LJ Wright,106,Medium,212,0.037725239252755546,264.0,Gold,9,-0.09476268319619681,106
491,SE Rutherford,106,Medium,212,0.037725239252755546,264.0,Gold,13,-0.09476268319619681,106
279,Kuldeep Yadav,105,Medium,210,0.03736934076923898,268.0,Gold,13,-0.09476268319619681,105
160,DS Kulkarni,104,Medium,208,0.03701344228572242,269.0,Gold,11,-0.09476268319619681,104
433,RJ Quiney,103,Medium,206,0.03665754380220586,270.0,Gold,9,-0.09476268319619681,103
340,MS Gony,99,Low,198,0.03523394986813961,271.0,Gold,7,-0.09476268319619681,99
487,SD Chitnis,99,Low,198,0.03523394986813961,271.0,Gold,10,-0.09476268319619681,99
111,CJ Ferguson,98,Low,196,0.03487805138462305,273.0,Gold,11,-0.09476268319619681,98
322,MJ Clarke,98,Low,196,0.03487805138462305,273.0,Gold,9,-0.09476268319619681,98
313,MA Starc,96,Low,192,0.03416625441758993,275.0,Gold,8,-0.09476268319619681,96
351,Mohammed Siraj,96,Low,192,0.03416625441758993,275.0,Gold,14,-0.09476268319619681,96
140,DJ Jacobs,92,Low,184,0.03274266048352368,277.0,Gold,9,-0.09476268319619681,92
223,JDS Neesham,92,Low,184,0.03274266048352368,277.0,Gold,11,-0.09476268319619681,92
397,PR Shah,92,Low,184,0.03274266048352368,277.0,Gold,7,-0.09476268319619681,92
42,AJ Tye,91,Low,182,0.03238676200000712,280.0,Gold,6,-0.09476268319619681,91
449,RT Ponting,91,Low,182,0.03238676200000712,280.0,Gold,10,-0.09476268319619681,91
471,S Rana,91,Low,182,0.03238676200000712,280.0,Gold,6,-0.09476268319619681,91
35,AD Nath,90,Low,180,0.03203086351649056,283.0,Gold,7,-0.09476268319619681,90
208,Iqbal Abdulla,88,Low,176,0.03131906654945744,284.0,Gold,13,-0.09476268319619681,88
496,SL Malinga,88,Low,176,0.03131906654945744,284.0,Gold,10,-0.09476268319619681,88
50,AP Majumdar,87,Low,174,0.03096316806594087,286.0,Gold,11,-0.09476268319619681,87
68,Ankit Sharma,87,Low,174,0.03096316806594087,286.0,Gold,12,-0.09476268319619681,87
325,MJ McClenaghan,85,Low,170,0.03025137109890775,288.0,Gold,14,-0.09476268319619681,85
427,RE Levi,83,Low,166,0.029539574131874625,289.0,Gold,7,-0.09476268319619681,83
366,NM Coulter-Nile,82,Low,164,0.02918367564835806,290.0,Gold,15,-0.09476268319619681,82
283,LA Carseldine,81,Low,162,0.0288277771648415,291.0,Gold,13,-0.09476268319619681,81
526,Shahid Afridi,81,Low,162,0.0288277771648415,291.0,Gold,13,-0.09476268319619681,81
588,WPUJC Vaas,81,Low,162,0.0288277771648415,291.0,Gold,10,-0.09476268319619681,81
33,AD Mascarenhas,79,Low,158,0.02811598019780838,294.0,Gold,14,-0.09476268319619681,79
148,DL Chahar,79,Low,158,0.02811598019780838,294.0,Gold,9,-0.09476268319619681,79
119,CR Woakes,78,Low,156,0.027760081714291812,296.0,Gold,9,-0.09476268319619681,78
241,JR Philippe,78,Low,156,0.027760081714291812,296.0,Gold,11,-0.09476268319619681,78
76,B Akhil,76,Low,152,0.02704828474725869,298.0,Gold,7,-0.09476268319619681,76
205,IR Jaggi,76,Low,152,0.02704828474725869,298.0,Gold,8,-0.09476268319619681,76
112,CJ Jordan,75,Low,150,0.02669238626374213,300.0,Gold,9,-0.09476268319619681,75
558,TR Birt,75,Low,150,0.02669238626374213,300.0,Gold,7,-0.09476268319619681,75
298,M Klinger,73,Low,146,0.025980589296709006,302.0,Silver,9,-0.09476268319619681,73
356,N Jagadeesan,73,Low,146,0.025980589296709006,302.0,Silver,12,-0.09476268319619681,73
445,RR Sarwan,73,Low,146,0.025980589296709006,302.0,Silver,9,-0.09476268319619681,73
212,J Suchith,70,Low,140,0.02491289384615932,305.0,Silver,9,-0.09476268319619681,70
19,AA Bilakhia,69,Low,138,0.02455699536264276,306.0,Silver,11,-0.09476268319619681,69
350,Mohammed Shami,69,Low,138,0.02455699536264276,306.0,Silver,14,-0.09476268319619681,69
528,Shashank Singh,69,Low,138,0.02455699536264276,306.0,Silver,14,-0.09476268319619681,69
286,LH Ferguson,67,Low,134,0.023845198395609637,309.0,Silver,11,-0.09476268319619681,67
442,RR Powar,67,Low,134,0.023845198395609637,309.0,Silver,8,-0.09476268319619681,67
514,SS Prabhudessai,67,Low,134,0.023845198395609637,309.0,Silver,15,-0.09476268319619681,67
187,H Klaasen,66,Low,132,0.023489299912093073,312.0,Silver,9,-0.09476268319619681,66
417,R Sharma,66,Low,132,0.023489299912093073,312.0,Silver,8,-0.09476268319619681,66
250,KA Jamieson,65,Low,130,0.023133401428576512,314.0,Silver,11,-0.09476268319619681,65
348,Mohammad Hafeez,64,Low,128,0.022777502945059952,315.0,Silver,15,-0.09476268319619681,64
383,P Simran Singh,64,Low,128,0.022777502945059952,315.0,Silver,14,-0.09476268319619681,64
67,Anirudh Singh,63,Low,126,0.022421604461543388,317.0,Silver,13,-0.09476268319619681,63
586,WD Parnell,63,Low,126,0.022421604461543388,317.0,Silver,10,-0.09476268319619681,63
6,A Flintoff,62,Low,124,0.022065705978026828,319.0,Silver,10,-0.09476268319619681,62
507,SP Jackson,61,Low,122,0.021709807494510267,320.0,Silver,10,-0.09476268319619681,61
458,S Aravind,59,Low,118,0.020998010527477143,321.0,Silver,9,-0.09476268319619681,59
418,R Shepherd,58,Low,116,0.020642112043960582,322.0,Silver,10,-0.09476268319619681,58
227,JJ Bumrah,56,Low,112,0.019930315076927458,323.0,Silver,9,-0.09476268319619681,56
585,WA Mota,56,Low,112,0.019930315076927458,323.0,Silver,7,-0.09476268319619681,56
201,I Sharma,55,Low,110,0.019574416593410894,325.0,Silver,8,-0.09476268319619681,55
305,M Rawat,55,Low,110,0.019574416593410894,325.0,Silver,7,-0.09476268319619681,55
326,MJ Santner,54,Low,108,0.019218518109894334,327.0,Silver,10,-0.09476268319619681,54
3,A Chopra,53,Low,106,0.018862619626377773,328.0,Silver,8,-0.09476268319619681,53
444,RR Rossouw,53,Low,106,0.018862619626377773,328.0,Silver,10,-0.09476268319619681,53
548,TA Boult,53,Low,106,0.018862619626377773,328.0,Silver,8,-0.09476268319619681,53
439,RP Singh,52,Low,104,0.01850672114286121,331.0,Silver,8,-0.09476268319619681,52
524,Sandeep Sharma,52,Low,104,0.01850672114286121,331.0,Silver,14,-0.09476268319619681,52
533,Shoaib Malik,52,Low,104,0.01850672114286121,331.0,Silver,12,-0.09476268319619681,52
253,KB Arun Karthik,51,Low,102,0.01815082265934465,334.0,Silver,15,-0.09476268319619681,51
373,OF Smith,51,Low,102,0.01815082265934465,334.0,Silver,8,-0.09476268319619681,51
414,R Rampaul,51,Low,102,0.01815082265934465,334.0,Silver,9,-0.09476268319619681,51
529,Shivam Mavi,51,Low,102,0.01815082265934465,334.0,Silver,11,-0.09476268319619681,51
450,RV Gomez,50,Low,100,0.01779492417582809,338.0,Silver,8,-0.09476268319619681,50
575,VR Aaron,50,Low,100,0.01779492417582809,338.0,Silver,8,-0.09476268319619681,50
39,AG Paunikar,49,Low,98,0.017439025692311524,340.0,Silver,11,-0.09476268319619681,49
58,AS Yadav,49,Low,98,0.017439025692311524,340.0,Silver,8,-0.09476268319619681,49
481,SB Bangar,49,Low,98,0.017439025692311524,340.0,Silver,9,-0.09476268319619681,49
601,Yashpal Singh,47,Low,94,0.016727228725278404,343.0,Silver,13,-0.09476268319619681,47
453,Ramandeep Singh,45,Low,90,0.01601543175824528,344.0,Silver,15,-0.09476268319619681,45
125,D Pretorius,44,Low,88,0.01565953327472872,345.0,Silver,11,-0.09476268319619681,44
157,DR Sams,44,Low,88,0.01565953327472872,345.0,Silver,7,-0.09476268319619681,44
193,HR Shokeen,43,Low,86,0.015303634791212153,347.0,Silver,10,-0.09476268319619681,43
400,PVD Chameera,43,Low,86,0.015303634791212153,347.0,Silver,12,-0.09476268319619681,43
538,Sunny Singh,43,Low,86,0.015303634791212153,347.0,Silver,11,-0.09476268319619681,43
24,AB Barath,42,Low,84,0.014947736307695591,350.0,Silver,9,-0.09476268319619681,42
494,SK Trivedi,42,Low,84,0.014947736307695591,350.0,Silver,10,-0.09476268319619681,42
12,A Nehra,41,Low,82,0.01459183782417903,352.0,Silver,7,-0.09476268319619681,41
97,BR Dunk,40,Low,80,0.014235939340662468,353.0,Silver,7,-0.09476268319619681,40
215,J Yadav,40,Low,80,0.014235939340662468,353.0,Silver,7,-0.09476268319619681,40
289,LPC Silva,40,Low,80,0.014235939340662468,353.0,Silver,9,-0.09476268319619681,40
61,AUK Pathan,39,Low,78,0.013880040857145906,356.0,Silver,10,-0.09476268319619681,39
144,DJ Thornely,39,Low,78,0.013880040857145906,356.0,Silver,11,-0.09476268319619681,39
332,MM Patel,39,Low,78,0.013880040857145906,356.0,Silver,8,-0.09476268319619681,39
401,PWH de Silva,39,Low,78,0.013880040857145906,356.0,Silver,12,-0.09476268319619681,39
469,S Nadeem,39,Low,78,0.013880040857145906,356.0,Silver,8,-0.09476268319619681,39
567,Umar Gul,39,Low,78,0.013880040857145906,356.0,Silver,8,-0.09476268319619681,39
470,S Narwal,37,Low,74,0.013168243890112783,362.0,Silver,8,-0.09476268319619681,37
598,YS Chahal,37,Low,74,0.013168243890112783,362.0,Silver,9,-0.09476268319619681,37
47,AN Ahmed,36,Low,72,0.012812345406596221,364.0,Silver,8,-0.09476268319619681,36
72,Anureet Singh,36,Low,72,0.012812345406596221,364.0,Silver,13,-0.09476268319619681,36
243,Joginder Sharma,36,Low,72,0.012812345406596221,364.0,Silver,15,-0.09476268319619681,36
274,KW Richardson,36,Low,72,0.012812345406596221,364.0,Silver,13,-0.09476268319619681,36
281,L Balaji,36,Low,72,0.012812345406596221,364.0,Silver,8,-0.09476268319619681,36
536,Sohail Tanvir,36,Low,72,0.012812345406596221,364.0,Silver,13,-0.09476268319619681,36
7,A Kumble,35,Low,70,0.01245644692307966,370.0,Silver,8,-0.09476268319619681,35
84,B Sumanth,35,Low,70,0.01245644692307966,370.0,Silver,9,-0.09476268319619681,35
294,M Ashwin,35,Low,70,0.01245644692307966,370.0,Silver,8,-0.09476268319619681,35
10,A Mithun,34,Low,68,0.012100548439563099,373.0,Silver,8,-0.09476268319619681,34
49,AP Dole,34,Low,68,0.012100548439563099,373.0,Silver,7,-0.09476268319619681,34
282,L Ronchi,34,Low,68,0.012100548439563099,373.0,Silver,8,-0.09476268319619681,34
474,S Sreesanth,34,Low,68,0.012100548439563099,373.0,Silver,11,-0.09476268319619681,34
126,D Salunkhe,33,Low,66,0.011744649956046536,377.0,Silver,10,-0.09476268319619681,33
142,DJ Mitchell,33,Low,66,0.011744649956046536,377.0,Silver,11,-0.09476268319619681,33
207,Imran Tahir,33,Low,66,0.011744649956046536,377.0,Silver,11,-0.09476268319619681,33
370,Navdeep Saini,33,Low,66,0.011744649956046536,377.0,Silver,13,-0.09476268319619681,33
59,AT Carey,32,Low,64,0.011388751472529976,381.0,Silver,8,-0.09476268319619681,32
98,Basil Thampi,32,Low,64,0.011388751472529976,381.0,Silver,12,-0.09476268319619681,32
432,RJ Peterson,32,Low,64,0.011388751472529976,381.0,Silver,11,-0.09476268319619681,32
74,Avesh Khan,31,Low,62,0.011032852989013414,384.0,Silver,10,-0.09476268319619681,31
367,NS Naik,31,Low,62,0.011032852989013414,384.0,Silver,7,-0.09476268319619681,31
451,RV Patel,31,Low,62,0.011032852989013414,384.0,Silver,8,-0.09476268319619681,31
475,S Sriram,31,Low,62,0.011032852989013414,384.0,Silver,8,-0.09476268319619681,31
546,T Taibu,31,Low,62,0.011032852989013414,384.0,Silver,7,-0.09476268319619681,31
70,Anmolpreet Singh,29,Low,58,0.010321056021980291,389.0,Silver,16,-0.09476268319619681,29
213,J Syed Mohammad,29,Low,58,0.010321056021980291,389.0,Silver,15,-0.09476268319619681,29
574,VH Zol,29,Low,58,0.010321056021980291,389.0,Silver,6,-0.09476268319619681,29
482,SB Jakati,28,Low,56,0.009965157538463729,392.0,Silver,9,-0.09476268319619681,28
300,M Markande,27,Low,54,0.009609259054947167,393.0,Silver,10,-0.09476268319619681,27
25,AB Dinda,26,Low,52,0.009253360571430605,394.0,Silver,8,-0.09476268319619681,26
55,AS Rajpoot,26,Low,52,0.009253360571430605,394.0,Silver,10,-0.09476268319619681,26
141,DJ Malan,26,Low,52,0.009253360571430605,394.0,Silver,8,-0.09476268319619681,26
179,GD Phillips,26,Low,52,0.009253360571430605,394.0,Silver,11,-0.09476268319619681,26
233,JM Kemp,26,Low,52,0.009253360571430605,394.0,Silver,7,-0.09476268319619681,26
364,NL McCullum,26,Low,52,0.009253360571430605,394.0,Silver,11,-0.09476268319619681,26
390,PJ Sangwan,26,Low,52,0.009253360571430605,394.0,Silver,10,-0.09476268319619681,26
553,TL Seifert,26,Low,52,0.009253360571430605,394.0,Silver,10,-0.09476268319619681,26
4,A Choudhary,25,Low,50,0.008897462087914044,402.0,Silver,11,-0.09476268319619681,25
461,S Chanderpaul,25,Low,50,0.008897462087914044,402.0,Silver,13,-0.09476268319619681,25
121,CV Varun,24,Low,48,0.008541563604397482,404.0,Silver,8,-0.09476268319619681,24
167,ER Dwivedi,24,Low,48,0.008541563604397482,404.0,Silver,10,-0.09476268319619681,24
254,KC Cariappa,24,Low,48,0.008541563604397482,404.0,Silver,11,-0.09476268319619681,24
312,MA Khote,24,Low,48,0.008541563604397482,404.0,Silver,8,-0.09476268319619681,24
37,AF Milne,23,Low,46,0.00818566512088092,408.0,Silver,8,-0.09476268319619681,23
73,Arshdeep Singh,23,Low,46,0.00818566512088092,408.0,Silver,14,-0.09476268319619681,23
96,BMAJ Mendis,23,Low,46,0.00818566512088092,408.0,Silver,11,-0.09476268319619681,23
210,J Arunkumar,23,Low,46,0.00818566512088092,408.0,Silver,11,-0.09476268319619681,23
352,Mohsin Khan,23,Low,46,0.00818566512088092,408.0,Silver,11,-0.09476268319619681,23
521,SW Tait,23,Low,46,0.00818566512088092,408.0,Silver,7,-0.09476268319619681,23
175,GB Hogg,22,Low,44,0.00782976663736436,414.0,Silver,7,-0.09476268319619681,22
188,HE van der Dussen,22,Low,44,0.00782976663736436,414.0,Silver,17,-0.09476268319619681,22
262,KL Nagarkoti,22,Low,44,0.00782976663736436,414.0,Silver,12,-0.09476268319619681,22
478,SA Abbott,22,Low,44,0.00782976663736436,414.0,Silver,9,-0.09476268319619681,22
78,B Indrajith,21,Low,42,0.0074738681538477954,418.0,Silver,11,-0.09476268319619681,21
134,DE Bollinger,21,Low,42,0.0074738681538477954,418.0,Silver,12,-0.09476268319619681,21
560,TU Deshpande,21,Low,42,0.0074738681538477954,418.0,Silver,12,-0.09476268319619681,21
30,AC Thomas,20,Low,40,0.007117969670331234,421.0,Silver,9,-0.09476268319619681,20
54,AS Joseph,20,Low,40,0.007117969670331234,421.0,Silver,9,-0.09476268319619681,20
198,Harpreet Singh,20,Low,40,0.007117969670331234,421.0,Silver,14,-0.09476268319619681,20
302,M Muralitharan,20,Low,40,0.007117969670331234,421.0,Silver,14,-0.09476268319619681,20
361,NJ Maddinson,20,Low,40,0.007117969670331234,421.0,Silver,12,-0.09476268319619681,20
443,RR Raje,20,Low,40,0.007117969670331234,421.0,Silver,7,-0.09476268319619681,20
465,S Kaul,20,Low,40,0.007117969670331234,421.0,Silver,6,-0.09476268319619681,20
11,A Mukund,19,Low,38,0.006762071186814673,428.0,Silver,8,-0.09476268319619681,19
156,DR Martyn,19,Low,38,0.006762071186814673,428.0,Silver,9,-0.09476268319619681,19
381,P Ray Barman,19,Low,38,0.006762071186814673,428.0,Silver,12,-0.09476268319619681,19
382,P Sahu,19,Low,38,0.006762071186814673,428.0,Silver,6,-0.09476268319619681,19
407,R Bishnoi,19,Low,38,0.006762071186814673,428.0,Silver,9,-0.09476268319619681,19
419,R Shukla,19,Low,38,0.006762071186814673,428.0,Silver,8,-0.09476268319619681,19
583,Vishnu Vinod,19,Low,38,0.006762071186814673,428.0,Silver,12,-0.09476268319619681,19
591,Y Gnaneswara Rao,19,Low,38,0.006762071186814673,428.0,Silver,16,-0.09476268319619681,19
93,BJ Haddin,18,Low,36,0.006406172703298111,436.0,Silver,9,-0.09476268319619681,18
145,DJ Willey,18,Low,36,0.006406172703298111,436.0,Silver,9,-0.09476268319619681,18
161,DS Lehmann,18,Low,36,0.006406172703298111,436.0,Silver,10,-0.09476268319619681,18
196,Harmeet Singh,18,Low,36,0.006406172703298111,436.0,Silver,13,-0.09476268319619681,18
229,JJ van der Wath,18,Low,36,0.006406172703298111,436.0,Silver,15,-0.09476268319619681,18
239,JR Hazlewood,18,Low,36,0.006406172703298111,436.0,Silver,12,-0.09476268319619681,18
265,KMA Paul,18,Low,36,0.006406172703298111,436.0,Silver,8,-0.09476268319619681,18
368,NT Ellis,18,Low,36,0.006406172703298111,436.0,Silver,8,-0.09476268319619681,18
399,PV Tambe,18,Low,36,0.006406172703298111,436.0,Silver,8,-0.09476268319619681,18
540,T Banton,18,Low,36,0.006406172703298111,436.0,Silver,8,-0.09476268319619681,18
403,Parvez Rasool,17,Low,34,0.006050274219781549,446.0,Silver,13,-0.09476268319619681,17
103,C Sakariya,16,Low,32,0.005694375736264988,447.0,Silver,10,-0.09476268319619681,16
114,CK Kapugedera,16,Low,32,0.005694375736264988,447.0,Silver,13,-0.09476268319619681,16
395,PP Ojha,16,Low,32,0.005694375736264988,447.0,Silver,7,-0.09476268319619681,16
100,C Madan,15,Low,30,0.005338477252748426,450.0,Bronze,7,-0.09476268319619681,15
184,GR Napier,15,Low,30,0.005338477252748426,450.0,Bronze,9,-0.09476268319619681,15
202,I Udana,15,Low,30,0.005338477252748426,450.0,Bronze,7,-0.09476268319619681,15
217,JA Richardson,15,Low,30,0.005338477252748426,450.0,Bronze,13,-0.09476268319619681,15
231,JL Pattinson,15,Low,30,0.005338477252748426,450.0,Bronze,12,-0.09476268319619681,15
488,SD Lad,15,Low,30,0.005338477252748426,450.0,Bronze,6,-0.09476268319619681,15
581,VY Mahesh,15,Low,30,0.005338477252748426,450.0,Bronze,9,-0.09476268319619681,15
582,Virat Singh,15,Low,30,0.005338477252748426,450.0,Bronze,11,-0.09476268319619681,15
168,F Behardien,14,Low,28,0.0049825787692318645,458.0,Bronze,11,-0.09476268319619681,14
170,FA Allen,14,Low,28,0.0049825787692318645,458.0,Bronze,8,-0.09476268319619681,14
318,MDKJ Perera,14,Low,28,0.0049825787692318645,458.0,Bronze,11,-0.09476268319619681,14
158,DR Shorey,13,Low,26,0.004626680285715302,461.0,Bronze,9,-0.09476268319619681,13
163,DT Patil,13,Low,26,0.004626680285715302,461.0,Bronze,8,-0.09476268319619681,13
258,KJ Abbott,13,Low,26,0.004626680285715302,461.0,Bronze,9,-0.09476268319619681,13
278,Kartik Tyagi,13,Low,26,0.004626680285715302,461.0,Bronze,12,-0.09476268319619681,13
459,S Badree,13,Low,26,0.004626680285715302,461.0,Bronze,8,-0.09476268319619681,13
20,AA Chavan,12,Low,24,0.004270781802198741,466.0,Bronze,9,-0.09476268319619681,12
52,AR Bawne,12,Low,24,0.004270781802198741,466.0,Bronze,8,-0.09476268319619681,12
131,DAJ Bracewell,12,Low,24,0.004270781802198741,466.0,Bronze,13,-0.09476268319619681,12
248,K Upadhyay,12,Low,24,0.004270781802198741,466.0,Bronze,10,-0.09476268319619681,12
277,Karanveer Singh,12,Low,24,0.004270781802198741,466.0,Bronze,15,-0.09476268319619681,12
353,Mujeeb Ur Rahman,12,Low,24,0.004270781802198741,466.0,Bronze,16,-0.09476268319619681,12
355,Mustafizur Rahman,12,Low,24,0.004270781802198741,466.0,Bronze,17,-0.09476268319619681,12
455,Rasikh Salam,12,Low,24,0.004270781802198741,466.0,Bronze,12,-0.09476268319619681,12
539,Swapnil Singh,12,Low,24,0.004270781802198741,466.0,Bronze,13,-0.09476268319619681,12
547,T Thushara,12,Low,24,0.004270781802198741,466.0,Bronze,10,-0.09476268319619681,12
151,DNT Zoysa,11,Low,22,0.00391488331868218,476.0,Bronze,9,-0.09476268319619681,11
303,M Ntini,11,Low,22,0.00391488331868218,476.0,Bronze,7,-0.09476268319619681,11
422,RA Bawa,11,Low,22,0.00391488331868218,476.0,Bronze,7,-0.09476268319619681,11
541,T Henderson,11,Low,22,0.00391488331868218,476.0,Bronze,11,-0.09476268319619681,11
542,T Kohli,11,Low,22,0.00391488331868218,476.0,Bronze,7,-0.09476268319619681,11
38,AG Murtaza,10,Low,20,0.003558984835165617,481.0,Bronze,10,-0.09476268319619681,10
90,BB Sran,10,Low,20,0.003558984835165617,481.0,Bronze,7,-0.09476268319619681,10
128,D du Preez,10,Low,20,0.003558984835165617,481.0,Bronze,10,-0.09476268319619681,10
214,J Theron,10,Low,20,0.003558984835165617,481.0,Bronze,8,-0.09476268319619681,10
252,KAJ Roach,10,Low,20,0.003558984835165617,481.0,Bronze,9,-0.09476268319619681,10
501,SMSM Senanayake,10,Low,20,0.003558984835165617,481.0,Bronze,15,-0.09476268319619681,10
549,TD Paine,10,Low,20,0.003558984835165617,481.0,Bronze,8,-0.09476268319619681,10
590,X Thalaivan Sargunam,10,Low,20,0.003558984835165617,481.0,Bronze,20,-0.09476268319619681,10
22,AA Noffke,9,Low,18,0.0032030863516490553,489.0,Bronze,9,-0.09476268319619681,Low Score
295,M Jansen,9,Low,18,0.0032030863516490553,489.0,Bronze,8,-0.09476268319619681,Low Score
304,M Prasidh Krishna,9,Low,18,0.0032030863516490553,489.0,Bronze,17,-0.09476268319619681,Low Score
498,SM Harwood,9,Low,18,0.0032030863516490553,489.0,Bronze,10,-0.09476268319619681,Low Score
13,A Nortje,8,Low,16,0.002847187868132494,493.0,Bronze,8,-0.09476268319619681,Low Score
113,CJ McKay,8,Low,16,0.002847187868132494,493.0,Bronze,8,-0.09476268319619681,Low Score
115,CK Langeveldt,8,Low,16,0.002847187868132494,493.0,Bronze,13,-0.09476268319619681,Low Score
238,JPR Scantlebury-Searles,8,Low,16,0.002847187868132494,493.0,Bronze,23,-0.09476268319619681,Low Score
242,Jaskaran Singh,8,Low,16,0.002847187868132494,493.0,Bronze,14,-0.09476268319619681,Low Score
372,OC McCoy,8,Low,16,0.002847187868132494,493.0,Bronze,8,-0.09476268319619681,Low Score
375,P Chopra,8,Low,16,0.002847187868132494,493.0,Bronze,8,-0.09476268319619681,Low Score
456,Ravi Bishnoi,8,Low,16,0.002847187868132494,493.0,Bronze,12,-0.09476268319619681,Low Score
